Name,Type,URL
Allniters,ska,
Alpha Boy School,ska,
Assorted Jelly Beans,ska,
Babylove & The Van Dangos,ska,
Backyard Superheroes,ska,
Bad Manners,ska,
Bandits of the Acoustic Revolution,ska,
Benny Versus the Beast,ska,
Big D and the Kids Table,ska,
Buster Bloodvessel,ska,
Byron Lee and the Dragonaires,ska,
Chas Smash,ska,
Citizen Fish,ska,
Clue J and his Blues Blasters,ska,
Count Machuki,ska,
Culture Shock,ska,
Dance Hall Crashers,ska,
Dr. Ring-Ding & The Senior Allstars,ska,
Edna's Goldfish,ska,
First Grade Crush,ska,
Fishbone,ska,
General Rudie,ska,
Go Jimmy Go,ska,
GOGO13,ska,
Hella Jalapenos,ska,
Hepcat,ska,
High School Football Heroes,ska,
Hog Hoggidy Hog,ska,
I Voted for Kodos,ska,
Inspecter 7,ska,
Jaya the Cat,ska,
Jimmy the Squirrel,ska,
Johnny Socko,ska,
J-Stars,ska,
Kid British,ska,
Less Than Jake,ska,
Locomondo,ska,
Lollypop Lorry,ska,
Los Kung-Fu Monkeys,ska,
Magadog,ska,
Mark Foggo's Skasters,ska,
Missing Andy,ska,
Murphy's Kids,ska,
My Superhero,ska,
Operation Ivy,ska,
Prince Buster,ska,
Ranking Roger,ska,
Reel Big Fish,ska,
Rico Rodriguez,ska,
Roddy Radiation,ska,
Save Ferris,ska,
Skavoovie and the Epitones,ska,
Slapstick,ska,
Slightly Stoopid,ska,
Sonic Boom Six,ska,
Sounds Like Chicken,ska,
Starpool,ska,
Stop the Presses,ska,
Strange Tenants,ska,
Stray Cats,ska,
Stubborn All-Stars,ska,
Suburban Legends,ska,
Survay Says!,ska,
Symarip,ska,
The Apollinaires,ska,
The Bodysnatchers,ska,
The Bosswich,ska,
The Busters,ska,
The Cat Empire,ska,
The Chinkees,ska,
The Ethiopians,ska,
The Expendables,ska,
The Forces of Evil,ska,
The Frightnrs,ska,
The Gadjits,ska,
The Hippos,ska,
The Insyderz,ska,
The Interrupters,ska,
The Melodians,ska,
The O.C. Supertones,ska,
The Paragons,ska,
The Pioneers,ska,
The Planet Smashers,ska,
The Porkers,ska,
The Skeletones,ska,
The Skoidats,ska,
The Slackers,ska,
The Specials,ska,
The Supervillains,ska,
The Unlimiters,ska,
The Valkyrians,ska,
Tijuana No!,ska,
Toots and the Maytals,ska,
Two Tone Club,ska,
Voodoo Glow Skulls,ska,
Walk off the Earth,ska,
Westbound Train,ska,
Yellow Umbrella,ska,
Yum!Yum!ORANGE,ska,
Zsob Si Zdub,ska,
Almost Naked Animals,kid,
As The Bell Rings,kid,
Bailey's Comets,kid,
Beware the Batman,kid,
Big Bag,kid,
Capitol Critters,kid,
Chuggington,kid,
Circus Boy,kid,
Cool McCool,kid,
Danger Rangers,kid,
Dog City,kid,
Friends and Heroes,kid,
Generation O!,kid,
Going Bananas,kid,
Good Luck Charlie,kid,
Harry and His Bucket Full of Dinosaurs,kid,
Histeria!,kid,
Horseland,kid,
It's A Big Big World,kid,
Joe 90,kid,
Johnny and the Sprites,kid,
Just for Kicks,kid,
Just Jordan,kid,
Kick Buttowski,kid,
Kickin' It,kid,
Marvin Marvin,kid,
Nature Cat,kid,
Odd Squad,kid,
Out of Jimmy's Head,kid,
Picture Pages,kid,
PJ Masks,kid,
Postcards from Buster,kid,
Rastamouse,kid,
Rod Rocket,kid,
"Rubik, the Amazing Cube",kid,
Science Court,kid,
Secret Millionaires Club,kid,
Shushybye,kid,
SK8-TV,kid,
Skeleton Warriors,kid,
Sonic Boom,kid,
Space Cats,kid,
Spot the Dog,kid,
Square One,kid,
Supah Ninjas,kid,
Super President,kid,
Teenage Fairytale Dropouts,kid,
The 7D,kid,
The Biskitts,kid,
The BJ and Dirt Dragon Show,kid,
The Coppertop Flop Show,kid,
The Dukes,kid,
The Glo Friends,kid,
The Herculoids,kid,
The Houndcats,kid,
The Letter People,kid,
The Mighty B!,kid,
The Mouse Factory,kid,
The Naked Brothers Band,kid,
The Power Team,kid,
The Replacements,kid,
The Roman Holidays,kid,
The Secret Saturdays,kid,
The Skatebirds,kid,
The Story Keepers,kid,
The Terrible Thunderlizards,kid,
The X's,kid,
Think Fast,kid,
Time Warp Trio,kid,
Walk the Prank,kid,
Welcome to the Wayne,kid,
Wild Grinders,kid,
Wish Kid,kid,
Wonderama,kid,
Zoey 101,kid,
8:15 from Manchester,kid,
Andy Pandy,kid,
Art Attack,kid,
Bagpuss,kid,
BB3B,kid,
Big Barn Farm,kid,
Birthday People,kid,
Bootleg,kid,
Brilliant Creatures,kid,
Cavegirl,kid,
Chorlton and the Wheelies,kid,
Chuggington,kid,
Desperados,kid,
Dramarama,kid,
"Dude, That's My Ghost!",kid,
Ebb and Flo,kid,
Everything's Rosie,kid,
Fab Lab,kid,
Fantomcat,kid,
Fat Dog Mendoza,kid,
Fetch the Vet,kid,
Fingerbobs,kid,
Follyfoot,kid,
Foxbusters,kid,
Freefonix,kid,
Fun Song Factory,kid,
Funnybones,kid,
Girls in Love,kid,
Harry and the Wrinklies,kid,
Hartbeat,kid,
Help! I'm A Teenage Outlaw,kid,
Hi-5,kid,
Humf,kid,
Kung Fu Dino Posse,kid,
Live and Kicking,kid,
Magpie,kid,
Microscopic Milton,kid,
Moschops,kid,
No Sweat,kid,
Numbertime,kid,
Ooops!,kid,
Out of Tune,kid,
Paradise Café,kid,
Parallel 9,kid,
Pixel Pinkie,kid,
Roobarb,kid,
Rubbadubbers,kid,
See It Saw It,kid,
Shoebox Zoo,kid,
Skatoony,kid,
Small Potatoes,kid,
Sooty & Co.,kid,
Spatz,kid,
Starstrider,kid,
T-Bag,kid,
The Beeps,kid,
The Big Knights,kid,
The Cool Stuff Collective,kid,
The Forgotten Toys,kid,
The Fugitives,kid,
The Herbs,kid,
The Hoobs,kid,
The House of Gristle,kid,
The Paper Lads,kid,
The Riddlers,kid,
The Telebugs,kid,
Those Scurvy Rascals,kid,
Timeslip,kid,
Tiny Planets,kid,
Tommy Zoom,kid,
Tree Fu Tom,kid,
"Vampires, Pirates and Aliens",kid,
Wolfblood,kid,
Yoho Ahoy,kid,
ZZZap!,kid,
